{
  "$schema": "https://docs.renovatebot.com/renovate-schema.json",
  "extends": [
    "config:base",
    ":semanticCommits",
    ":preserveSemverRanges",
    ":rebaseStalePrs"
  ],
  "stabilityDays":7,
  "ignorePaths": [],
  "labels": ["dependencies"],
    "vulnerabilityAlerts":{
     "labels":[
       "type:security"
     ],
     "stabilityDays":0
  },
  "separateMajorMinor":false,
  "constraints": {
    "go": "1.20"
  },
  "packageRules": [
    {
      "matchPaths": ["examples/**", "test/**", ".github/**"],
      "extends": [":semanticCommitTypeAll(chore)"]
    },
    {
      "matchPaths": ["*", "modules/**"],
      "extends": [":semanticCommitTypeAll(fix)"]
    },
    {
      "matchDepTypes": ["module"],
      "groupName": "TF modules"
    },
    {
      "matchDepTypes": ["require"],
      "groupName": "GO modules",
      "postUpdateOptions": ["gomodTidy"]
    },
    {
      "matchDatasources": ["golang-version"],
      "rangeStrategy": "bump",
      "allowedVersions": "<1.21.0",
      "postUpdateOptions": ["gomodTidy"]
    },
    {
      "matchPackageNames": ["google", "google-beta"],
      "groupName": "terraform googles"
    }
  ],
  "regexManagers": [
    {
      "fileMatch": ["(^|/)Makefile$"],
      "matchStrings": ["DOCKER_TAG_VERSION_DEVELOPER_TOOLS := (?<currentValue>.*?)\\n"],
      "datasourceTemplate": "docker",
      "registryUrlTemplate": "https://gcr.io/cloud-foundation-cicd",
      "depNameTemplate": "cft/developer-tools"
    },
    {
      "fileMatch": ["(^|/)build/(int|lint)\\.cloudbuild\\.yaml$"],
      "matchStrings": ["  _DOCKER_TAG_VERSION_DEVELOPER_TOOLS: '(?<currentValue>.*?)'\\n"],
      "datasourceTemplate": "docker",
      "registryUrlTemplate": "https://gcr.io/cloud-foundation-cicd",
      "depNameTemplate": "cft/developer-tools"
    }
  ]
}
